,0
0,coemgáin
1,limited
2,writings
3,folklore
4,bear
5,four
6,demanded
7,prefix
8,asian
9,resisted
10,consists
11,oldest
12,party.
13,towns
14,aggression
15,weitling
16,relationships
17,whose
18,votes
19,non-coercive
20,granting
21,paris
22,etymology
23,sindicale
24,1.1%
25,popolo
26,impoverishment
27,under
28,teaching
29,tweed
30,imamate
31,meadows
32,m³
33,alternating
34,plants
35,collaborate
36,-isma
37,unpopular
38,dynamic
39,rise
40,railways
41,women's
42,tezuka's
43,georgia
44,every
45,habits
46,reforms
47,second-stage
48,freethinkers
49,precursors
50,reformist
51,encounter
52,believed
53,school
54,dominate
55,prize
56,naturalist
57,crops
58,companies
59,solution
60,4×4
61,herbert
62,gaelic
63,zisly
64,hague
65,delegate
66,guiding
67,diversity
68,1940s
69,freetown
70,mass-produced
71,processes.
72,force
73,pragmatic
74,phones
75,consistent
76,hanging
77,estimates
78,direct
79,across
80,second
81,exchangeable
82,co-editor
83,consenting
84,others.
85,estimated
86,expressive
87,incompatible
88,machines
89,even
90,established
91,errors
92,shin-chan
93,dismemberment
94,report:
95,decisions
96,contributed
97,revolver
98,liberty
99,launch
100,statoil
101,renaissance
102,sexuality
103,above
104,conduct
105,new
106,net
107,non-violence
108,disney
109,pioneering
110,niche
111,simultaneously
112,illich
113,men
114,anarcho-hedonist
115,here
116,cadres
117,lgbt
118,flores
119,china
120,aid
121,represented
122,affiliated
123,100
124,practices
125,celebration
126,anarchism
127,daughter
128,sectarian
129,forum
130,fund’
131,leaves
132,bits).
133,approaches
134,reports
135,"itself""."
136,characterizing
137,abolition
138,stressed
139,calculators
140,military
141,anarchist
142,mutual
143,lois
144,moray
145,fantastic
146,spooks
147,campaign
148,shudan
149,natural
150,excuse
151,highly
152,stirner
153,mecha
154,re-discovered
155,moral
156,achievable
157,perpetuates
158,total
159,unit
160,opponents
161,rationalist
162,ecchi
163,spoke
164,would
165,army
166,overmighty
167,mexico
168,world's
169,princess
170,occupying
171,tyrannicides
172,edward
173,call
174,therefore
175,seriously
176,strike
177,socialdemocratic
178,arme
179,until
180,thyratrons
181,voline
182,supporters
183,infrastructure
184,successful
185,oscar
186,award
187,shahin
188,berlin
189,lazarus
190,adult
191,excellent
192,midst
193,conflicts
194,95
195,origin
196,must
197,1991
198,kohr
199,1992
200,join
201,1994
202,1997
203,rights
204,1999
205,work
206,holiday.
207,howl's
208,worth
209,obstacle
210,era
211,transparency
212,henry
213,akin
214,"1,397,000"
215,my
216,grenade
217,fortress
218,yoshiyuki
219,merchant
220,indicated
221,give
222,unjust
223,cited
224,organized
225,currency
226,hyphenated
227,ghibli's
228,david
229,érotique
230,autonomy
231,end
232,hoc
233,provide
234,feature
235,machine
236,how
237,globalization
238,‘deposits
239,gate
240,widespread
241,classify
242,play
243,regional
244,minority
245,replacing
246,turing
247,after
248,collectivists
249,containing
250,ova
251,r18
252,involvement
253,president
254,law
255,brigand
256,lesbian
257,types
258,stronghold
259,purchase
260,ginsberg
261,attempt
262,effective
263,rudolf
264,would-be
265,revolt
266,capacitors
267,fictional
268,capitalism
269,greek
270,complexity
271,maintain
272,green
273,ultimate
274,capitalist
275,suggest
276,preventive
277,operate
278,wing
279,trend.
280,joseph
281,emotion
282,foresaw
283,executed
284,over
285,vary
286,stoicism
287,murray
288,2002–2005.
289,affect
290,kong
291,japan
292,france's
293,atanasoff
294,before
295,position
296,currencies.
297,personal
298,del
299,onna
300,discourse
301,writing
302,destroyed
303,production
304,somewhat
305,vast
306,blurring
307,wales
308,1157.
309,them
310,stirnerists
311,iowa
312,tourist
313,illegalism.
314,unionism
315,break
316,jacobin
317,publicizing
318,they
319,unionist
320,schools
321,eadmer
322,アニメ
323,haymarket
324,tourism
325,silver
326,bank
327,scholar
328,30-year
329,mustafayev
330,alex
331,ranked
332,collectivised
333,bolten
334,classified
335,backgrounds
336,l
337,victory
338,each
339,haruhi
340,uninfluenced
341,inventors
342,mean
343,definitional
344,preceded
345,schemes
346,financial
347,periodical
348,enthusiasts
349,privative
350,councils
351,series
352,frequency
353,principles
354,dispute.
355,taught
356,kiosks
357,combining
358,laboratory
359,videos.
360,toleration
361,network
362,samurai
363,god
364,tales
365,pierre-joseph
366,archon
367,collaborated
368,surprise
369,millions
370,forth
371,resistor
372,independence
373,differentiates
374,aid.
375,lothian.
376,city
377,little
378,free
379,standard
380,disputes
381,formation
382,struggle
383,socio-economic
384,forcibly
385,manhour
386,enlightened
387,bigger
388,unauthorized
389,lothian
390,created
391,argument
392,typified
393,anselme
394,polyamory
395,presumptive
396,iso
397,canterbury
398,1970s
399,ivan
400,moving
401,diggers
402,onto
403,user
404,rand
405,already
406,features
407,ἀν-
408,17%
409,coding
410,reciprocally
411,biennio
412,fantasy
413,philosophical
414,relations
415,heywood
416,pioneers
417,177
418,latinised
419,comic
420,electronic
421,crunchyroll.
422,agriculture
423,yuan
424,1939–42
425,likely
426,rejects
427,undoubtedly
428,top
429,protracted
430,attack
431,approximately
432,fiction
433,needed
434,theatrically
435,rates
436,too
437,decentralised
438,christiaan
439,deschooling
440,john
441,bitter
442,discussion
443,murder
444,alba.
445,collapse
446,stateless
447,pro-labor
448,light-bearer
449,diversified
450,albert
451,took
452,satisfaction
453,japanese
454,tokens
455,technique
456,czolgosz
457,western
458,syndicalists
459,collectives
460,abandoning
461,maintaining
462,positively
463,susan
464,distance
465,target
466,roles
467,idolatry.
468,structures
469,fairytale
470,mother's
471,scenes
472,mlrs
473,"impressive""."
474,project
475,matter
476,naka
477,historical
478,espouse
479,company's
480,hanifa
481,solely
482,baki-kastel
483,godwin
484,interests
485,plus
486,sees
487,vocal
488,ran
489,disseminated
490,modern
491,mind
492,eyes
493,"500,000"
494,raw
495,graphics
496,seen
497,subjects
498,exchange-rate
499,seek
500,post-leftists
501,forced
502,abroad
503,implemented
504,genuine
505,releases
506,magnus
507,Ōfuji
508,latter
509,1967
510,1960
511,1961
512,fabbri
513,situated
514,sound
515,causing
516,vice-versa
517,forces
518,educator
519,bourgeois
520,kars–tbilisi–baku
521,conducive
522,culminated
523,committing
524,participatory
525,though
526,characters.
527,cassettes
528,exercised
529,translator
530,swiss
531,defence
532,germany
533,roxburgh
534,retaining
535,him:
536,contain
537,manifested
538,animators
539,stylized
540,camps
541,heliport.
542,michel
543,confederation
544,professor
545,deliberate
546,nighttime
547,musical
548,accounted
549,principle
550,individualist-anarchism
551,lpf
552,nineteenth
553,manats.
554,consumer
555,responded
556,came
557,fotlu
558,armenia
559,incorporate
560,bomb
561,inspire
562,pope
563,macbeth
564,meetings
565,alaxandair
566,consortium
567,nominated
568,brief
569,inverting
570,networks.
571,attempts
572,scélérates
573,gauge
574,asia
575,subtle
576,thirds
577,availability
578,"sector."""
579,larson
580,execution
581,flowers
582,proposed
583,peasants
584,emphasises
585,illegalism
586,explain
587,"culture""."
588,layman
589,minnesota
590,sugar
591,rich
592,graham's
593,radically
594,do
595,mixture
596,cryptography
597,wide
598,intersecting
599,remarry
600,de
601,stop
602,denounce
603,"dynamiter."""
604,shahdag
605,despite
606,trust
607,anti-authoritarian
608,quarters
609,societies
610,earl
611,profoundly
612,chronological
613,countries
614,post-left
615,humanism
616,egoism
617,public
618,greene
619,children's
620,bad
621,openly
622,architecture
623,shots
624,egoist
625,ban
626,bao
627,cumbrians
628,1914–1918
629,black
630,blackwell
631,ethical
632,questions
633,edited
634,bookchin
635,sperry
636,post-classical
637,1960s
638,sturgeon
639,observed
640,decided
641,9.3%
642,theatrical
643,iran
644,tommy
645,taiwan
646,hydrocarbon
647,techniques
648,brazil
649,determinants
650,namakura
651,antimony
652,capacity
653,campaigners
654,away
655,cnt-ait
656,sweden
657,continually
658,opened
659,r
660,transcendentalist
661,cooperation
662,conceptual
663,drawn
664,sorts
665,eupec
666,approach
667,$60
668,profitable
669,accord
670,eunice
671,terms
672,wb
673,institution
674,nature
675,"$5,000"
676,however
677,we
678,"identity."""
679,drew
680,extent
681,defiance
682,electing
683,received
684,essentially
685,federalist
686,beck
687,country
688,ill
689,conclusions
690,tracks
691,against
692,negative
693,protection
694,anarcho-pacifists
695,planned
696,normandy
697,logic
698,studio
699,museum
700,argue
701,adapted
702,andrews
703,exile
704,tone
705,council's
706,appeared
707,character
708,aspect
709,height
710,active
711,tons
712,written
713,toei
714,wider
715,levante
716,organisational
717,solaire
718,hitler
719,speak
720,conference
721,petty
722,targeting
723,symbols
724,differs
725,basis
726,union
727,three
728,been
729,quickly
730,clifford
731,gruffudd
732,beer
733,much
734,3.8%
735,basic
736,expected
737,affinity
738,entered
739,$5.76
740,kenmore
741,questioned
742,cutouts
743,life
744,saornil
745,retrospect
746,eastern
747,concerning
748,worker
749,insistence
750,madhouse
751,enterprises
752,craft
753,chile
754,child
755,aviation
756,worked
757,voices
758,individualists
759,encyclopaedia
760,applied
761,explicitly
762,thurgot's
763,libres
764,libertarianism
765,adaptations
766,publicly
767,affirm
768,1849–1898
769,organisers
770,economies
771,lesser
772,near
773,11.</ref>
774,property
775,japan.
776,unionists
777,launched
778,buried
779,seven
780,thought.
781,played
782,collectivization
783,is
784,it
785,defeated
786,proportioned
787,ii
788,1937–38
789,experience
790,320 kg
791,in
792,comparative
793,inviting
794,indigenous
795,seattle
796,katakana
797,if
798,damaged
799,recover
800,credit
801,patent
802,saw
803,make
804,amount
805,rebellion
806,pierrot
807,utilitarian
808,complex
809,self-ownership
810,split
811,unfortunate
812,azerbaijani
813,program.
814,several
815,couple
816,yaoi
817,european
818,independent
819,leftist
820,condemnation
821,styling
822,mujeres
823,published
824,differing
825,evil
826,hand
827,anime.
828,hastening
829,aspray
830,characters
831,animations
832,groundbreaking
833,palpable
834,wives
835,adopting
836,thoughts
837,anarchists
838,counter-economics
839,whereby
840,catalan
841,1600
842,1973
843,writer/reader
844,"33,3%"
845,azerbaijan.
846,materials
847,mother
848,claims
849,the
850,individual's
851,investments
852,left
853,leagues
854,wilde
855,traditions
856,just
857,golden
858,distribute
859,rotated
860,effects
861,mid
862,cumbria
863,noburō
864,identify
865,parks
866,human
867,shading
868,shorthand
869,imier
870,emergence
871,doctrines.
872,adding
873,greenwich
874,han
875,regarded
876,strains
877,had
878,goodman
879,amoco
880,macdonald
881,potential
882,transformed
883,kouchi's
884,minette
885,has
886,expelled
887,convey
888,gave
889,half-brother
890,tactic
891,involuntary
892,bands
893,disagreement
894,schooling
895,possibly
896,chaluim
897,nationalists
898,birth
899,destroy
900,judge
901,unique
902,desire
903,al-basri
904,visible
905,54
906,external
907,manual
908,50
909,atanasoff's
910,steps
911,officer
912,night
913,dolgoff
914,security
915,towards
916,states:
917,beneficial
918,right
919,old
920,crowd
921,people
922,successfully
923,crown
924,unnecessary
925,bolshevism
926,productions
927,meters
928,election
929,ideal
930,bakcell
931,critique
932,indirect
933,repelling
934,woodcock
935,strategic
936,specific
937,cnt
938,cynics
939,humor
940,stylization
941,for
942,beluga.
943,armed
944,/
945,creative
946,contributing
947,continue
948,embodies
949,denied
950,anarcho-pacifism
951,participation
952,coordinator
953,specifically
954,laments:it's
955,plot
956,"done,<br>dividing"
957,protagonism
958,pose
959,obtain
960,production.
961,predominates
962,translated
963,restructuring
964,losing
965,cynan
966,manufacturing
967,super
968,shaken
969,limitation
970,handle
971,attacks
972,citizens
973,costs
974,ensure
975,anime
976,done
977,steadily
978,efforts
979,arditi
980,book
981,cultural
982,jacques
983,destination
984,azercell
985,civil
986,float
987,macro-economic
988,intellectual
989,auerbach
990,ussr
991,doctrine
992,1990s
993,reducing
994,soon
995,methods
996,communists
997,existed
998,rely
999,despised
1000,free-market
1001,mitsuyo
1002,support
1003,initial
1004,nova
1005,fight
1006,accordingly
1007,fought
1008,author
1009,fraction
1010,resulted
1011,music
1012,version.
1013,factions
1014,was
1015,war
1016,synthesis
1017,lowest
1018,head
1019,insurrection
1020,economics
1021,form
1022,offer
1023,attempted
1024,becoming
1025,pierre
1026,"1,485,000"
1027,purchasing
1028,incorporation
1029,"us$100,000"
1030,true
1031,mormaerdom
1032,protestant
1033,portions
1034,consequences
1035,azn
1036,centralist
1037,ceyhan
1038,inside
1039,egoists
1040,staged
1041,clubs
1042,devices
1043,entails
1044,statements
1045,highest-grossing
1046,trabajo
1047,"lines."""
1048,errico
1049,stages
1050,japanimation
1051,propaganda
1052,communist-
1053,examples
1054,invergowrie
1055,moderna
1056,proved
1057,zeno
1058,computing
1059,sinful
1060,escape
1061,evolution.
1062,proven
1063,assassinations
1064,exist
1065,telecoms
1066,marxists
1067,floating
1068,portrayed
1069,internal
1070,hand-drawn
1071,regime
1072,popolare
1073,marxist
1074,upheaval
1075,no
1076,ends
1077,whereas
1078,generally
1079,aztrank
1080,amoureuse
1081,1883–1907
1082,role
1083,holding
1084,digital
1085,test
1086,criminalized
1087,marxism
1088,enemies
1089,0080
1090,company
1091,heyday
1092,reprogrammable
1093,exporter
1094,brothers
1095,porvenir
1096,venerated.
1097,why
1098,anarcho-pacifist
1099,invested
1100,rising
1101,variable
1102,replacement
1103,tomino
1104,died
1105,billion
1106,instrumental
1107,younger
1108,east's
1109,longer
1110,98
1111,typically
1112,blushing
1113,changed
1114,together
1115,ryner
1116,‘mental
1117,time
1118,ona).
1119,uprisings
1120,precedent
1121,profits
1122,songs
1123,precise
1124,anti-state
1125,concept
1126,managed
1127,remarkable
1128,country’s
1129,global
1130,truncated
1131,ost
1132,themes
1133,mile
1134,citium
1135,computation
1136,magón.
1137,goddesses
1138,devoted
1139,repression
1140,21st
1141,1949
1142,1942
1143,1943
1144,1940
1145,1941
1146,1946
1147,1947
1148,1944
1149,suzumiya
1150,finally
1151,indicators.
1152,chaplain
1153,supplies
1154,connecting
1155,sovereignty
1156,circumstances
1157,brown
1158,federation
1159,advantage
1160,mid-nineteenth
1161,emphasizes
1162,seemingly
1163,broutchoux
1164,collectivist-
1165,anonymous
1166,artwork
1167,self-proclaimed
1168,word
1169,launchers
1170,franco-prussian
1171,pious
1172,catalonia
1173,anglo-norman
1174,"“cantonalist,”"
1175,level
1176,did
1177,camaraderie
1178,brother
1179,jumpers.
1180,p
1181,depositors
1182,excellence
1183,good.
1184,live-action
1185,team
1186,1.58 million
1187,subversives
1188,equation
1189,added
1190,attracting
1191,application
1192,ezra
1193,revolution
1194,slower
1195,three-dimensional
1196,bonnot
1197,be
1198,trend
1199,1122
1200,baku
1201,1124
1202,depictions
1203,dorothy
1204,cost
1205,azeriqaz
1206,run
1207,theories
1208,resurgence
1209,educate
1210,adds
1211,appear
1212,autonomist
1213,realizing
1214,shares
1215,current
1216,remembered
1217,looking
1218,annals
1219,chikara
1220,illustrations
1221,international
1222,falling
1223,appeal
1224,shimokawa
1225,supporting
1226,transportation
1227,roundhead
1228,honour
1229,muslim
1230,pedagogic
1231,edmund
1232,french
1233,shortened
1234,anarchiste.
1235,communism
1236,twentieth
1237,azerbaijan).
1238,address
1239,alone
1240,along
1241,dwindling
1242,episode
1243,change
1244,platformist
1245,boy
1246,revenues
1247,mearns
1248,exemplified
1249,discount
1250,thurstan
1251,lagged
1252,simulcasts
1253,step
1254,commonly
1255,example
1256,exploitation
1257,brighten
1258,simultaneous
1259,wine
1260,renzo
1261,usually
1262,platformism
1263,country's
1264,430
1265,industry.
1266,-ismos
1267,love
1268,abstentionism
1269,proportion
1270,gustafson
1271,colonies
1272,marked
1273,modifying
1274,iron
1275,sonnenburg
1276,licensing
1277,robespierre
1278,should
1279,crisis
1280,market
1281,everybody
1282,opposes
1283,standard.
1284,gonzo
1285,franco
1286,working
1287,surroundings
1288,formulated
1289,positive
1290,zhuangzi's
1291,tadahito
1292,visit
1293,predictions
1294,angela
1295,france
1296,animēshon
1297,territories
1298,live
1299,lauded
1300,opposed
1301,peru
1302,memory
1303,films
1304,scope
1305,theoretical
1306,today
1307,sharing
1308,series.
1309,tsarist
1310,gimenez
1311,hentai
1312,abandonment
1313,apparent
1314,refrain
1315,star-racers
1316,visual
1317,déjacque
1318,accept
1319,employed
1320,cases
1321,andalusia
1322,beluga
1323,organizations
1324,graphic
1325,slogan
1326,ibm
1327,tokyo
1328,deformed
1329,originally
1330,luigi
1331,districts
1332,latrine
1333,labeled
1334,seitarou
1335,can
1336,quote
1337,growing
1338,azn).
1339,co-mingled
1340,arrive
1341,deceased
1342,dessin
1343,iconography
1344,claim
1345,dedicated
1346,months
1347,figure
1348,edna
1349,december
1350,trouble
1351,1980s
1352,critic
1353,sued
1354,dropped
1355,council
1356,allowed
1357,spa
1358,eilean
1359,breaking
1360,parliamentary
1361,winter
1362,divided
1363,cuba
1364,tomoyasu
1365,1
1366,state's
1367,nihilist
1368,militias
1369,corridor
1370,youth
1371,divider
1372,economy
1373,community
1374,product
1375,kihachirō
1376,influenced
1377,may
1378,max
1379,fed
1380,spot
1381,needs
1382,freethought
1383,fascism
1384,membership
1385,produce
1386,laozi
1387,designed
1388,date
1389,such
1390,ideologically
1391,data
1392,grow
1393,tarrida
1394,man
1395,noun
1396,collective
1397,succeeded
1398,conscious
1399,6th
1400,enemies.
1401,st
1402,tale
1403,switch
1404,jail
1405,automatically
1406,tall
1407,navy.
1408,manga
1409,se
1410,typical
1411,exclusive
1412,comfort
1413,words
1414,seeing
1415,indeed
1416,displayed
1417,flips
1418,making
1419,entity
1420,aiding
1421,ended
1422,episodes
1423,policy.
1424,stretching
1425,argued
1426,osamu
1427,cold
1428,still
1429,ieee
1430,extreme
1431,tendency
1432,cola
1433,caucasus
1434,1833
1435,group
1436,internationally
1437,organisation
1438,months.
1439,forms
1440,platform
1441,broadcasts
1442,offers
1443,dwarfs
1444,chernyi
1445,policy
1446,individualistic
1447,main
1448,"unions."""
1449,conquest
1450,outside
1451,disparate
1452,views
1453,grandson
1454,"100,000"
1455,episode.
1456,tucker
1457,half
1458,not
1459,solidarity.
1460,now
1461,1958
1462,nor
1463,term
1464,waisbrooker
1465,equality
1466,name
1467,82%
1468,january
1469,settings
1470,anarcho-syndicalists
1471,possibilities
1472,13 oil
1473,peasant
1474,bolshevik
1475,rock
1476,entirely
1477,quarter
1478,realism
1479,el
1480,taoist
1481,square
1482,prompted
1483,heywood's
1484,decreed
1485,conventions
1486,contributor
1487,owing
1488,begun
1489,year
1490,eu
1491,territory
1492,"absurdity."""
1493,reprints
1494,sunrise
1495,description
1496,canada
1497,emerges
1498,shown
1499,citing
1500,actively
1501,counter-revolutionaries
1502,intercourse
1503,profit
1504,furthermore
1505,miyazaki
1506,portrayals.
1507,rational
1508,increase
1509,attracted
1510,contained
1511,war-related
1512,imperative
1513,1950s.
1514,emerged
1515,internet
1516,anarchist-communists
1517,receiving
1518,terminology.
1519,shows
1520,inevitably
1521,earlier
1522,summerhill
1523,theory
1524,presper
1525,dwarfed
1526,bootlegged
1527,million
1528,non-bank
1529,electrified
1530,possibility
1531,quite
1532,nagai
1533,proponents
1534,statistics
1535,california
1536,federations
1537,carl
1538,teufel
1539,obligation
1540,ore
1541,marine
1542,card
1543,care
1544,patronage
1545,advance
1546,anarcho-feminism
1547,anarcho-communists
1548,language
1549,ministry
1550,unnaturally
1551,unlicensed
1552,transition
1553,bisexuality
1554,forecast
1555,british
1556,anarchists.
1557,motion
1558,turn
1559,best-known
1560,person
1561,place
1562,undesirable
1563,styles
1564,nonprofit
1565,preach
1566,discontinued
1567,first
1568,archos
1569,benefited
1570,surviving
1571,revenue
1572,variables
1573,declared
1574,one
1575,simplified
1576,amidst
1577,directly
1578,spanish
1579,"4,755,100 hectares"
1580,open
1581,george
1582,size
1583,centrality
1584,1910s
1585,given
1586,derives
1587,sheet
1588,personalities
1589,district
1590,mhaol
1591,anderson
1592,parallel
1593,2
1594,draft
1595,convention
1596,reappropriation
1597,legally
1598,white
1599,malevolent
1600,participated
1601,cite
1602,rosario
1603,workingmen's
1604,mining
1605,"anarchism.""blackwell"
1606,inefficient
1607,hub
1608,that
1609,ownership
1610,moscow
1611,continuous
1612,accurately
1613,alan
1614,broadcast
1615,released
1616,short
1617,push
1618,variable.
1619,baja
1620,eliminated
1621,republic
1622,representing
1623,than
1624,population
1625,non-systematic
1626,10
1627,television
1628,15
1629,14
1630,accordance
1631,19
1632,18
1633,require
1634,yet
1635,transferred
1636,section
1637,authority.
1638,d'escures
1639,future
1640,were
1641,cards
1642,vienna
1643,aragon
1644,russia
1645,mcit
1646,and
1647,contentious
1648,sam
1649,remained
1650,acknowledged
1651,topics
1652,locations
1653,invalidated
1654,crossover
1655,say
1656,medium
1657,posited
1658,allen
1659,replica.
1660,dragon
1661,occupied
1662,any
1663,eu-sponsored
1664,silhouette
1665,warriors
1666,veteran
1667,upgrading
1668,ideas
1669,sustained
1670,equipment
1671,emphasis
1672,animation
1673,take
1674,online
1675,performance
1676,zhuangzi
1677,switching
1678,multiple
1679,fundamental
1680,arguing
1681,an-
1682,price
1683,paid
1684,falls
1685,iww
1686,algebraic
1687,airing
1688,sheets
1689,pair
1690,america
1691,damage
1692,forever
1693,democratic
1694,synonym
1695,especially
1696,10.8%
1697,considered
1698,later
1699,drive
1700,order
1701,ways
1702,anarchism's
1703,disenfranchisment
1704,arguably
1705,professional
1706,senior
1707,"30,000"
1708,critchley
1709,laws
1710,€9.46
1711,cobra
1712,shot
1713,regulated
1714,show
1715,german
1716,cornea
1717,contemporary
1718,propagandist
1719,3.7%
1720,soviets
1721,sponsorship
1722,fifth
1723,ground
1724,plunder
1725,oranienburg
1726,adolf
1727,reconciling
1728,title
1729,daily
1730,worker-owned
1731,robs
1732,behind
1733,crime
1734,liberation
1735,only
1736,wood
1737,believing
1738,essence
1739,outrage
1740,umanita
1741,history.
1742,dispute
1743,josiah
1744,get
1745,contracts
1746,revolutionized
1747,designated
1748,fansubbers
1749,cannot
1750,politician
1751,nearly
1752,malcolm's
1753,secondary
1754,village
1755,regarding
1756,girl
1757,artist
1758,people’s
1759,invention.
1760,colossus
1761,morning
1762,paper
1763,predicted
1764,london
1765,unappealing
1766,where
1767,rules-based
1768,liberate
1769,amoureux
1770,monarchists
1771,imposing
1772,attached
1773,unmarried
1774,federación
1775,derogatory
1776,1921
1777,1922
1778,1923
1779,college
1780,1926
1781,calendar
1782,aroused
1783,purest
1784,reputed
1785,encouraged
1786,voluntary
1787,apostles
1788,federal
1789,subsequent
1790,ecology.
1791,bootleg
1792,label
1793,weapons
1794,3
1795,eco-anarchism
1796,charters
1797,between
1798,mutualists
1799,enjoys
1800,reading
1801,proudhon
1802,punk
1803,decorate
1804,subgenres
1805,august
1806,legitimacy
1807,prior
1808,26
1809,alexander;<br>he
1810,killing
1811,arteries
1812,awards
1813,sea.
1814,referenced
1815,nationality
1816,cities
1817,suppressed
1818,sébastien
1819,concentrated
1820,reaction
1821,dates
1822,panels
1823,embarrassment
1824,many
1825,region
1826,trades
1827,self-interest
1828,according
1829,contract
1830,s
1831,inchcolm
1832,kharijites
1833,berry
1834,fernand
1835,"us$274,925,095."
1836,player
1837,penal
1838,expression
1839,comes
1840,stance
1841,among
1842,afterwards
1843,color
1844,continuation
1845,anti-syndicalist
1846,period
1847,pop
1848,innovations
1849,60
1850,homosexuality
1851,walden
1852,anti
1853,stretched
1854,learning
1855,constant
1856,perpetuating
1857,transcaucasia
1858,nationalist
1859,turkey
1860,better
1861,arts
1862,anarcho-communism
1863,atanasoff–berry
1864,west
1865,locally
1866,informed
1867,blend
1868,comaposada
1869,anti-imperialism
1870,combined
1871,post-revolutionary
1872,peaceful
1873,disregard
1874,featuring
1875,prototype
1876,marx
1877,anarcho-communist
1878,squatters
1879,631
1880,direction
1881,undisputedly
1882,offered
1883,formed
1884,andrew
1885,andrej
1886,stephen
1887,wake
1888,minister
1889,andré
1890,instant
1891,evidence
1892,irrelevant
1893,former
1894,32
1895,granted
1896,case
1897,shaft
1898,shimokawa's
1899,kappa
1900,henry's
1901,these
1902,isolated
1903,sex
1904,postcolonialism.
1905,1107
1906,1104
1907,associates
1908,non-oil
1909,coca
1910,newspaper
1911,situation
1912,shops
1913,philosophies
1914,program
1915,loch
1916,eventually
1917,characteristics
1918,non-japanese
1919,canon
1920,telephone
1921,dissident
1922,middle
1923,gesell
1924,sudden
1925,punched
1926,spooner
1927,rally
1928,motivated
1929,technology
1930,augustinian
1931,lukoil
1932,movements
1933,Óengus
1934,binary
1935,different
1936,revolutions
1937,develop
1938,harsh
1939,april
1940,oppliger
1941,pay
1942,$15.7
1943,kronstadt
1944,same
1945,manifestations
1946,followers
1947,arguments
1948,polarised
1949,anarchistic
1950,grain
1951,stepped
1952,frequented
1953,events
1954,re-interment
1955,visually
1956,oil
1957,anti-fascist
1958,centuries
1959,era.
1960,-izein
1961,refusal
1962,tezuka
1963,marking
1964,producers
1965,constraining
1966,macroeconomic
1967,lechartier
1968,driven
1969,arose
1970,attributes
1971,cartoon
1972,services.
1973,squatter
1974,perennial
1975,largely
1976,charges
1977,love.
1978,floor
1979,"us$300,000"
1980,magical
1981,physics
1982,wessex
1983,four-page
1984,belarus
1985,without
1986,solve
1987,components
1988,very
1989,dimension
1990,revolution.
1991,consisted
1992,gdp
1993,gates
1994,manifold
1995,livestock
1996,stockford
1997,pakistan
1998,being
1999,when
2000,milestone
2001,rest
2002,violent
2003,cease
2004,"1939–1977)""."
2005,flavor
2006,reality
2007,speed
2008,style.
2009,weekly
2010,sprang
2011,death
2012,diogenes
2013,feminist
2014,anti-statism
2015,except
2016,1964.
2017,allude
2018,interested
2019,4
2020,overthrow
2021,insurrectionary
2022,feminism
2023,ross
2024,swim
2025,wife.
2026,consumption
2027,around
2028,code
2029,read
2030,ruler
2031,papers
2032,eight-hour
2033,confines
2034,dark
2035,warehouse
2036,netherlands
2037,traffic
2038,vacuum
2039,transcended
2040,world
2041,accepted
2042,ruled
2043,accusation
2044,proponent
2045,boétie
2046,pounds
2047,nickelodeon's
2048,suppliers
2049,combines
2050,lysander
2051,manat
2052,discarded
2053,web-based
2054,audience
2055,full-scale
2056,anarchic
2057,potatoes
2058,completely
2059,output
2060,shashin
2061,grouping
2062,christiania
2063,cleyre.
2064,debut
2065,verbal
2066,exposed
2067,failure
2068,bakunin
2069,royalists
2070,competition
2071,privatization
2072,moreover
2073,images
2074,denominated
2075,counter-revolution
2076,divine
2077,organizing
2078,kitayama
2079,provided
2080,chinpokomon
2081,blackboards
2082,two-minute
2083,tube
2084,georges
2085,turkey's
2086,overly
2087,legal
2088,conservative
2089,critical
2090,deficit
2091,institutes
2092,guillaume
2093,1895–1897
2094,compulsion
2095,refer
2096,2010.
2097,gille
2098,accessing
2099,scientific
2100,business
2101,poem
2102,equivalent
2103,iconic
2104,notably
2105,credits
2106,shoujo
2107,leadership
2108,1937
2109,1936
2110,references
2111,1934
2112,silvio
2113,1939
2114,1938
2115,berneri
2116,on
2117,une
2118,central
2119,origins
2120,assassin
2121,reprisals
2122,of
2123,industry
2124,hierarchy
2125,meaning
2126,ideology
2127,mutually
2128,boldly
2129,sybilla's
2130,aioc
2131,greatly
2132,breton
2133,act
2134,lasting
2135,or
2136,road
2137,outlook
2138,lands
2139,protests
2140,whites
2141,communication
2142,image
2143,5.8 mhz
2144,nazi
2145,titanium
2146,authorities
2147,accounts
2148,cent
2149,parties
2150,operator
2151,rosso
2152,28-go
2153,feudal
2154,morning.
2155,pastures
2156,weight
2157,her
2158,area
2159,removing
2160,strictly
2161,there
2162,alleged
2163,deadlines
2164,christianity
2165,self-determined
2166,policy-maker
2167,appears
2168,viticulture
2169,decisive
2170,international.
2171,masquerades
2172,intends
2173,media
2174,complete
2175,teachings
2176,regard
2177,107mm
2178,amongst
2179,state-protected
2180,fascists
2181,alexander's
2182,elimination
2183,unreliable
2184,technologies
2185,trying
2186,with
2187,post-soviet
2188,nonviolence
2189,woman
2190,october
2191,culture.
2192,romantic
2193,wasn't
2194,metaseries
2195,coluim
2196,vhs
2197,brother's
2198,miguel
2199,igualada
2200,criticised
2201,tones
2202,dvd
2203,dubbing
2204,network's
2205,eniac
2206,compromise
2207,beliefs
2208,baku-tbilisi-ceyhan
2209,strongly
2210,attacked
2211,bellegarrigue
2212,money
2213,ad
2214,contributors
2215,cinema
2216,certain
2217,describe
2218,moved
2219,sales
2220,general
2221,macross
2222,ap
2223,as
2224,homosexual
2225,ensuing
2226,at
2227,file
2228,lifetime
2229,deed
2230,goebbels
2231,-ίζειν
2232,bishop
2233,film
2234,anarcho-naturism
2235,transport.
2236,genres
2237,beyond
2238,piracy
2239,way
2240,storage
2241,2000
2242,event
2243,tight
2244,1113
2245,1114
2246,1116
2247,2006
2248,you
2249,connotation.
2250,amount.
2251,gaining
2252,briefly
2253,computer-generated
2254,congress
2255,exxonmobil
2256,desolation
2257,schuster
2258,includes
2259,retrospectively
2260,important
2261,undertones
2262,serious
2263,included
2264,sweatdrops
2265,stocks
2266,tendencies
2267,beauly
2268,building
2269,tiger
2270,mckinley's
2271,assassins
2272,assets
2273,calls
2274,wife
2275,controlled
2276,firebrand
2277,city's
2278,barcelona
2279,passed
2280,mass
2281,restricted
2282,overseas
2283,animator
2284,starting
2285,original
2286,50-bit
2287,anarcha-feminist
2288,represent
2289,all
2290,emile
2291,contemporaneously
2292,consider
2293,founder
2294,caused
2295,lack
2296,dollar
2297,projected
2298,founded
2299,orygynale
2300,disc
2301,kantō
2302,follow
2303,expressions
2304,adhere
2305,religious
2306,children
2307,causes
2308,day.
2309,referring
2310,pornographic
2311,l'invention
2312,philadelphes
2313,riots
2314,to
2315,modernization
2316,1930s
2317,dairy
2318,spain
2319,detroit-based
2320,1901.
2321,activities
2322,syncretic
2323,returned
2324,far
2325,eckert
2326,translations
2327,magistracy
2328,focus
2329,fan
2330,decide
2331,fall
2332,exhibition.
2333,difference
2334,switches
2335,moines
2336,17th
2337,dictatorship
2338,issue
2339,developing
2340,gerrard
2341,joined
2342,"1539.""anarchist"
2343,large
2344,small
2345,study
2346,disused
2347,20th
2348,programme
2349,debates.
2350,abbreviated
2351,ten
2352,equated
2353,1114.
2354,sync
2355,rival
2356,past
2357,discriminated
2358,rate
2359,titles
2360,design
2361,revolutionist
2362,further
2363,anarchist-inspired
2364,investment
2365,pelloutier
2366,conscience
2367,what
2368,abc
2369,imported
2370,cast
2371,short-lived
2372,deeply
2373,sides
2374,localization
2375,self-management
2376,emotions
2377,him.
2378,version
2379,attitudes
2380,abu
2381,shōjo
2382,method
2383,contrast
2384,movement
2385,turmoil
2386,full
2387,christian
2388,estate
2389,ranged
2390,display.
2391,empower
2392,sybilla
2393,component
2394,answers
2395,voltages
2396,hours
2397,proudhon.
2398,arkhē
2399,suicide
2400,operating
2401,capacitor
2402,medicinal
2403,i.e
2404,november
2405,strong
2406,equations
2407,legend
2408,lend
2409,1848
2410,3000
2411,plaisir
2412,coruña
2413,inspired
2414,1840
2415,troops
2416,1845
2417,1844
2418,bisexual
2419,mole's
2420,adjectives
2421,periodic
2422,social
2423,action
2424,corps
2425,uniquely
2426,electromechanical
2427,via
2428,followed
2429,bethad
2430,family
2431,bathe
2432,father
2433,enactment
2434,monatte
2435,backed
2436,2000s
2437,aimed
2438,clock
2439,gunmen
2440,1907
2441,anarchism.
2442,1905
2443,establish
2444,1901
2445,languages
2446,eye
2447,distinct
2448,spiritually
2449,objectives
2450,contains
2451,petroleum
2452,two
2453,governance
2454,pearl
2455,linear
2456,taken
2457,markets
2458,achieving
2459,minor
2460,more
2461,thrown
2462,anarchisms
2463,thus
2464,operators
2465,bank's
2466,アニメーション
2467,tested
2468,e.c
2469,basically
2470,broke
2471,particular
2472,known
2473,foundations
2474,gold
2475,factories
2476,producing
2477,suffered
2478,commercially
2479,campbell-kelly
2480,weighed
2481,none
2482,enlightenment
2483,debates
2484,science
2485,der
2486,des
2487,unione
2488,dramatically
2489,guards
2490,remain
2491,unwritten
2492,nine
2493,v
2494,pioneered
2495,embrace
2496,male
2497,spontaneous
2498,history
2499,computers
2500,mackay
2501,stated
2502,alba
2503,share
2504,ellul.
2505,states
2506,socar
2507,fiercely
2508,numbers
2509,cubic
2510,sense
2511,libertarian
2512,self-governance
2513,lacks
2514,stirner's
2515,breakup
2516,simple
2517,firmly
2518,information
2519,respective
2520,english-language
2521,court
2522,goal
2523,desperation
2524,rather
2525,acts
2526,"need""."
2527,otaku
2528,glowing
2529,occasionally
2530,stemming
2531,party
2532,influences
2533,speeding
2534,oppose
2535,simplicity
2536,lightbearer
2537,intended
2538,appanage
2539,privatized
2540,uprising
2541,portmanteau
2542,derived
2543,notoriety
2544,ego
2545,sophistication
2546,reflect
2547,replace
2548,tries
2549,amparo
2550,adventure
2551,horizontal
2552,twenty-nine
2553,response
2554,61%
2555,a
2556,entry
2557,electro-mechanical
2558,máel
2559,resemble
2560,cooperatives
2561,lev
2562,register
2563,overnight
2564,climaxed
2565,responsibility
2566,shade
2567,$20
2568,banks
2569,pleasure
2570,"54,9"
2571,playing
2572,need.
2573,tolstoy
2574,mexican
2575,help
2576,corporation
2577,september
2578,developed
2579,stays
2580,azerbaijan
2581,setback
2582,trade
2583,held
2584,scots
2585,through
2586,committed
2587,marx's
2588,existence
2589,suffer
2590,its
2591,roots
2592,style
2593,comedic
2594,20
2595,21
2596,23
2597,azerbaijan's
2598,grubacic
2599,28
2600,responsible
2601,abbey
2602,ricardo
2603,late
2604,wilhelm
2605,systems
2606,radical
2607,isaac
2608,honeywell
2609,argentina
2610,might
2611,ally
2612,post-war
2613,it.
2614,stability
2615,good
2616,1910s.
2617,yo
2618,seeking
2619,subtitled
2620,cel
2621,primary
2622,eclectic
2623,hierarchical
2624,onfray
2625,offensives
2626,compound
2627,communities
2628,1130s
2629,association
2630,instructions
2631,industrially
2632,exiles
2633,document
2634,imprisoned
2635,system.
2636,always
2637,decimal
2638,presented
2639,mochinaga
2640,utilized
2641,labeling
2642,henri
2643,"anarchism""."
2644,token
2645,inequality
2646,théorie
2647,labour.
2648,positions
2649,found
2650,$1.10
2651,intolerable
2652,characterized
2653,referred
2654,heavy
2655,england
2656,another
2657,formulate
2658,1918–1919
2659,generation
2660,energy
2661,reduce
2662,idea
2663,novatore
2664,police
2665,extended
2666,guàrdia
2667,kobe
2668,organised
2669,operation
2670,snedecor
2671,anarchy
2672,britain
2673,repressive
2674,heights
2675,computer:
2676,funding
2677,solved
2678,mauchly
2679,robert
2680,since
2681,"liberty""."
2682,otogi
2683,cornelissen
2684,research
2685,acting
2686,lucifer
2687,health
2688,7
2689,26.4%
2690,"liberty""... the"
2691,fled
2692,truda's
2693,benjamin
2694,disobedience
2695,risen
2696,34.6%
2697,wine-making
2698,upon
2699,1920s
2700,sparked
2701,story
2702,mikhail
2703,reason
2704,base
2705,members
2706,organising
2707,put
2708,electrostatically
2709,earliest
2710,beginning
2711,generate
2712,anarchos
2713,revolutionary
2714,definition
2715,owners
2716,yggdrasil
2717,revival
2718,e.g
2719,record
2720,similarly
2721,terrible
2722,year's
2723,instigation
2724,american
2725,wither
2726,w
2727,embraced
2728,castle
2729,exhibited
2730,copper
2731,major
2732,50 million
2733,ammon
2734,simply
2735,upper
2736,mistakenly
2737,contender
2738,maritime
2739,number
2740,shounen
2741,well-known
2742,40mm
2743,1872
2744,1873
2745,1870
2746,1871
2747,says
2748,yokoyama's
2749,conquered
2750,stage
2751,ulster
2752,1817–1862
2753,militant
2754,tetsujin
2755,heads
2756,powerless
2757,leading
2758,voltairine
2759,least
2760,tradition
2761,intense
2762,belongs
2763,calculations
2764,seeker
2765,hundred
2766,southern
2767,1860's
2768,store
2769,figures
2770,saint
2771,relationship
2772,required
2773,1919
2774,profitability
2775,yuri
2776,part
2777,bower
2778,movement's
2779,leaderless
2780,authors
2781,1911
2782,1910
2783,believe
2784,unrealistic
2785,1914
2786,1917
2787,reflection
2788,king
2789,anti-hierarchical
2790,b
2791,inuyasha
2792,prevent
2793,double
2794,instruction
2795,japan's
2796,aims
2797,scandinavian
2798,spirited
2799,harman
2800,cooperating
2801,bohemian
2802,contrary
2803,0.78.
2804,truda
2805,treated
2806,motivation
2807,cronykil
2808,service.
2809,surrealist
2810,durham
2811,imports
2812,bavarian
2813,alongside
2814,organisations
2815,substantial
2816,servitude
2817,concentration
2818,karl
2819,mountain
2820,cgt
2821,u.s
2822,built
2823,mussolini
2824,wages
2825,relays.
2826,scotland
2827,officers
2828,heterosexual
2829,majority
2830,recognizing
2831,labour
2832,equaled
2833,build
2834,caliphate
2835,kawamoto
2836,finding
2837,premise
2838,aired
2839,experienced
2840,critics
2841,goldman
2842,measures
2843,chart
2844,medium-sized
2845,worker's
2846,organisation.
2847,experiences
2848,significant
2849,comparisons
2850,services
2851,accepting
2852,boycotting
2853,margall
2854,measured
2855,self-governed
2856,equatorial
2857,storyboarding
2858,strikebreakers
2859,mobile
2860,clear
2861,sometimes
2862,cover
2863,traditional
2864,satirical
2865,organise
2866,artistic
2867,self-managing
2868,reasoning
2869,ends.
2870,charged
2871,tubes
2872,institutions
2873,construction.
2874,sector
2875,post-anarchism
2876,ghibli
2877,particularly
2878,phenomenon
2879,edgar's
2880,league
2881,celebrities
2882,favour
2883,wyntoun's
2884,disputed
2885,jean-jacques
2886,naftalan
2887,networks
2888,murata
2889,occupation
2890,impact
2891,giant
2892,rwby
2893,nevertheless
2894,duncan
2895,justice
2896,memorializing
2897,heavily
2898,distributed
2899,animé
2900,anti-birth
2901,failed
2902,dysfunctional
2903,feminists
2904,federations.
2905,8
2906,moses
2907,mainichi
2908,special-purpose
2909,his
2910,founding
2911,strongholds
2912,meanwhile
2913,mutualist
2914,secular
2915,flowing
2916,cheaper
2917,mutualism
2918,famous
2919,anarcha-feminists
2920,grew
2921,ferrer
2922,actions
2923,theft
2924,basement
2925,pistols
2926,during
2927,silk
2928,him
2929,alexander
2930,left-wing
2931,progressive
2932,nicknamed
2933,poitras
2934,stirling
2935,retaliation
2936,banking
2937,safeguarding
2938,republic.
2939,proudhonian
2940,common
2941,activity
2942,vincent
2943,wrote
2944,seventeen
2945,set
2946,art
2947,hennacy
2948,creator
2949,principal
2950,activists
2951,melancholy
2952,kilos
2953,achieves
2954,culture
2955,see
2956,defense
2957,are
2958,sea
2959,seo
2960,pi
2961,changeable
2962,tweeddale
2963,romances
2964,icv2.com
2965,thurgot
2966,cosplay
2967,spirits
2968,mononoke
2969,guinea
2970,currently
2971,electoral
2972,strathclyde
2973,marmaray
2974,petair
2975,unions
2976,won
2977,various
2978,years.
2979,regicides
2980,probably
2981,cutout
2982,nestor
2983,conditions
2984,prince
2985,available
2986,after.
2987,latin
2988,recently
2989,creating
2990,engaged
2991,initially
2992,attention
2993,general-purpose
2994,untouched
2995,berry's
2996,incident
2997,renewed
2998,dunfermline
2999,gilles
3000,opposition
3001,genre
3002,burke.
3003,anti-organisationalist
3004,renminbi
3005,glorification
3006,both
3007,c
3008,contrasted
3009,last
3010,influential
3011,powers
3012,annual
3013,foreign
3014,characterised
3015,became
3016,long-term
3017,anti-war
3018,whole
3019,experimental
3020,insurance
3021,computers.
3022,groups
3023,point
3024,reasons
3025,loan
3026,ravages
3027,leon
3028,pamphlet
3029,agents
3030,unsuccessful
3031,volunteered
3032,throughout
3033,persecuted
3034,cuthbert
3035,horticulture
3036,described
3037,publishing
3038,incomes
3039,create
3040,acceptance
3041,political
3042,due
3043,mikey
3044,strategy
3045,whom
3046,secret
3047,gwynedd
3048,complicated
3049,pg
3050,ireland
3051,collected
3052,anti-globalisation
3053,assassinated
3054,treatment
3055,oilfields
3056,1950s
3057,tremendously
3058,girls
3059,fire
3060,2002).
3061,gas
3062,"property."""
3063,resister
3064,fund
3065,vaguely
3066,bottlers
3067,1864
3068,systematic
3069,receive
3070,1868
3071,deepwater
3072,atanasoff.
3073,rupture
3074,patriarchy
3075,scottish
3076,replaces
3077,advocating
3078,socialist
3079,expanded
3080,anti-worker
3081,budget
3082,evaluated
3083,chicago's
3084,waqf
3085,pace
3086,while
3087,socialism
3088,replaced
3089,error
3090,animated
3091,landauer
3092,kingdom
3093,underground
3094,costly
3095,performed
3096,century
3097,backing
3098,inverters
3099,drawbacks
3100,backbone
3101,rulers
3102,desk.
3103,itself
3104,sectarianism
3105,ready
3106,pronounced
3107,rid
3108,currents
3109,result
3110,expropriations
3111,italy
3112,grant
3113,centralisation
3114,ideologies
3115,anti-dogmatic
3116,theorists
3117,emphasize
3118,widely
3119,9
3120,resulting
3121,shah
3122,pokémon
3123,conflict
3124,higher
3125,development
3126,commune
3127,used
3128,temporary
3129,restraint
3130,island
3131,negotiate
3132,flows
3133,virginia
3134,viewing
3135,levels
3136,uses
3137,purpose
3138,coercion
3139,realm
3140,armand
3141,tobacco
3142,infamous
3143,recent
3144,early
3145,lower
3146,anti-christian
3147,1.6 km
3148,spent
3149,analysis
3150,theology
3151,sports
3152,nonetheless
3153,122mm
3154,inflation
3155,"$10,000"
3156,forms.
3157,y
3158,organization
3159,gsm
3160,stating
3161,pro-organisationalist
3162,1936–1939
3163,historians
3164,coup
3165,jingyan
3166,project.
3167,collectivism
3168,italiana
3169,-
3170,styled
3171,collectivise
3172,all-star
3173,snow
3174,abbreviation
3175,shape
3176,confessor
3177,lip
3178,distanced
3179,using
3180,talk
3181,alternative
3182,collectivist
3183,reitzel
3184,wage
3185,abstention
3186,anarcho-syndicalist
3187,veganism
3188,1078
3189,also
3190,informal
3191,workers
3192,deprived
3193,mutualist–
3194,exclusively
3195,source
3196,active.
3197,location
3198,1917–23
3199,input
3200,anarcho-syndicalism
3201,associations
3202,customers
3203,zuse's
3204,march
3205,lacking
3206,format
3207,ferrer's
3208,big
3209,edvac
3210,advocate
3211,results
3212,hayao
3213,judgement
3214,matters
3215,logical
3216,convenient
3217,emma
3218,bit
3219,judgment.
3220,projects
3221,formal
3222,75th
3223,modifications
3224,lost
3225,follows
3226,incidental
3227,victorious
3228,communications
3229,individuals
3230,popular
3231,nacional
3232,-3%
3233,essential
3234,terminology
3235,grouped
3236,talkie
3237,caspian
3238,often
3239,highlights
3240,creation
3241,some
3242,7%
3243,fernando
3244,cartoons.
3245,martial
3246,strongest
3247,economic
3248,sword
3249,serves
3250,cdma.
3251,kenzō
3252,editing
3253,trade-union
3254,leaders
3255,annually
3256,scale
3257,describing
3258,reverberates
3259,60 hz
3260,decision
3261,transactions
3262,approaches.
3263,per
3264,isles
3265,emergent
3266,religion
3267,pen
3268,civilization
3269,18th-century
3270,eliminate
3271,innovation
3272,fragments
3273,slapstick
3274,minimal
3275,either
3276,4.6%
3277,varying
3278,41.7%
3279,bc
3280,300
3281,bn
3282,processing
3283,continuing
3284,agreement
3285,refused
3286,works.
3287,bp
3288,cinematic
3289,stalinist-led
3290,served
3291,from
3292,child-led
3293,by
3294,handled
3295,unschooling
3296,pipeline
3297,goods
3298,kropotkin
3299,anything
3300,most
3301,exaggerated
3302,nosebleed
3303,britannica
3304,bestseller
3305,range
3306,archbishop
3307,crass
3308,classics
3309,consequently
3310,dwight
3311,gamma
3312,prices
3313,punishment.
3314,real
3315,into
3316,within
3317,religiosity
3318,primarily
3319,frames
3320,mackay.
3321,grandniece
3322,theory.
3323,criticisms
3324,prestige
3325,entitlement
3326,blockades
3327,apparently
3328,question
3329,vigour
3330,long
3331,pronunciation
3332,francesc
3333,spas
3334,usage.
3335,sections
3336,ernest
3337,regulator
3338,harem
3339,antimilitarism
3340,farm
3341,elsewhere
3342,jewish
3343,infinitive
3344,capability
3345,criteria
3346,boys
3347,russian
3348,patronised
3349,line
3350,considerable
3351,animation.
3352,1892–1893
3353,directed
3354,socialists
3355,rejection
3356,erich
3357,characteristic
3358,poststructuralist
3359,up
3360,us
3361,cis
3362,those
3363,lesbianism
3364,uk
3365,aversion
3366,highlight
3367,autonomous
3368,similar
3369,called
3370,precipitated
3371,dual-triode
3372,mármol
3373,popularity
3374,associated
3375,adults
3376,defined
3377,m
3378,influence
3379,millay
3380,eye-catching
3381,duration
3382,single
3383,diverse
3384,home
3385,1894
3386,1895
3387,1896
3388,1897
3389,1890
3390,cotton
3391,priory
3392,headquarters
3393,peace
3394,cohesive
3395,invalid
3396,nam
3397,nar
3398,democratically
3399,conceptions
3400,electrical
3401,income
3402,department
3403,shin
3404,b/d
3405,arithmetic
3406,worldwide.
3407,draw
3408,elements
3409,costume
3410,users
3411,calculating
3412,gross
3413,catel
3414,psas
3415,problems
3416,visits
3417,prepared
3418,william
3419,du
3420,tms
3421,allowing
3422,suppression
3423,dram
3424,lucía
3425,critiqued
3426,structure
3427,bases
3428,land
3429,e
3430,zooming
3431,novel.:
3432,fulfill
3433,vehicles
3434,2002
3435,2003
3436,depth
3437,2001
3438,attaining
3439,presenting
3440,2005
3441,walker
3442,failures
3443,2008
3444,2009
3445,comstockery
3446,having
3447,once
3448,essay
3449,pervert
3450,issued
3451,sub-company
3452,amplifier
3453,resistance
3454,cobalt
3455,swedish
3456,gang
3457,spain's
3458,go
3459,concepts
3460,issues
3461,simon
3462,nationalization
3463,uphold
3464,turkish
3465,effort
3466,concerned
3467,findláich
3468,young
3469,literary
3470,attackers
3471,nippon
3472,constituted
3473,masaoka
3474,stable
3475,1990.
3476,officials
3477,include
3478,communes
3479,resources
3480,nervousness
3481,issue.
3482,mainstream
3483,morality
3484,american-made
3485,1793
3486,continues
3487,agitating
3488,wave
3489,wishes
3490,putting
3491,piety
3492,mixing
3493,continued
3494,Ōten
3495,categories
3496,cagliostro
3497,entire
3498,reichstag
3499,copies.
3500,classifications
3501,colors
3502,fewer
3503,maximilien
3504,assignments
3505,race
3506,today.
3507,realization
3508,relation
3509,rousseau's
3510,noted
3511,us$1
3512,concluded
3513,slow
3514,agrarian
3515,picket
3516,lulach
3517,mediterranean
3518,licensed
3519,video
3520,realistic
3521,ardent
3522,copenhagen
3523,instead.
3524,medieval
3525,doctrines
3526,index
3527,formats
3528,plays
3529,power
3530,chicago
3531,giving
3532,pipes
3533,schedule
3534,freethought.
3535,expressed
3536,find
3537,cell
3538,paying
3539,19th
3540,then
3541,capital
3542,2021.
3543,values
3544,mediums
3545,exercise
3546,body
3547,completion
3548,4217
3549,focuses
3550,led
3551,degree
3552,exchange
3553,respectively
3554,gathered
3555,commercial
3556,faure
3557,researchers
3558,leo
3559,following
3560,explore
3561,let
3562,separation
3563,others
3564,consideration
3565,invented
3566,momotaro's
3567,conclude:
3568,z3
3569,ukraine
3570,1933
3571,great
3572,proudhon´s
3573,technical
3574,involved
3575,31
3576,30
3577,35
3578,implementation
3579,products
3580,ntsc
3581,self-defense
3582,defeat
3583,implement
3584,romande
3585,makes
3586,honor
3587,patents
3588,crayon
3589,composed
3590,named
3591,decentralized
3592,stabilization
3593,drums
3594,win
3595,nationalism
3596,classrooms
3597,private
3598,surveyor
3599,fordun
3600,names
3601,"2,4"
3602,resolutions
3603,ii.
3604,struggles
3605,sympathetically.
3606,use
3607,refers
3608,"$350,000"
3609,révolté
3610,&
3611,remains
3612,illegal
3613,display
3614,pedagogical
3615,railway
3616,next
3617,symbol
3618,few
3619,depicted
3620,camera
3621,examination
3622,reciprocity
3623,themselves
3624,individualism
3625,historically
3626,possession
3627,fansubs
3628,formally
3629,started
3630,becomes
3631,criticising
3632,heir
3633,occurred
3634,improve
3635,meant
3636,steadfastly
3637,opposing
3638,labelled
3639,sharply
3640,east
3641,rare
3642,iii
3643,women
3644,high
3645,account
3646,soviet-allied
3647,contests
3648,ace
3649,effectively
3650,this
3651,oh
3652,pour
3653,konrad
3654,praise
3655,parquet
3656,industrial
3657,meet
3658,corpse
3659,averages
3660,transforming
3661,proof
3662,control
3663,violence
3664,tap
3665,fit.
3666,links
3667,providers
3668,process
3669,enslavement’
3670,proportions
3671,tax
3672,tay
3673,pieces
3674,depiction
3675,bones
3676,reserves
3677,sought
3678,mauchly's
3679,dating
3680,voice
3681,overtly
3682,practical
3683,educational
3684,united
3685,sinope
3686,colorful
3687,democracy
3688,dependency
3689,destroying
3690,holds
3691,carries
3692,moods
3693,occur
3694,located
3695,cd
3696,numerous
3697,instead
3698,camillo
3699,comedy
3700,establishment
3701,npl
3702,-ism
3703,emirs
3704,neo-liberalism
3705,attend
3706,battered
3707,watch
3708,philosophy
3709,anti-corporatist
3710,abuse
3711,1889
3712,militarism
3713,1887
3714,1886
3715,1881
3716,varied
3717,crossroad
3718,bombers
3719,advocated
3720,light
3721,lines
3722,region.
3723,war.
3724,kodomo
3725,emphasise
3726,advocates
3727,encyclopedia
3728,allow
3729,intellectuals
3730,subsequently
3731,"800,000"
3732,counted
3733,fastest
3734,poor
3735,closely
3736,producer
3737,partisans
3738,move
3739,economics.
3740,interpreted
3741,$174
3742,report
3743,alliance
3744,including
3745,136
3746,sindacale
3747,free-thinker
3748,agricultural
3749,nowadays.
3750,warren
3751,industries
3752,revived
3753,le
3754,azerfon
3755,la
3756,gatana
3757,masses
3758,ships
3759,anti-nuclear
3760,labor
3761,audiences.
3762,degrees
3763,malmesbury's
3764,obrera
3765,2014
3766,2011
3767,2010
3768,2012
3769,designs
3770,campaigned
3771,greater
3772,camus
3773,outlined
3774,material
3775,invitations
3776,determined
3777,maíl
3778,front
3779,exploration
3780,rotation
3781,republican
3782,cage
3783,day
3784,escuela
3785,february
3786,airports
3787,profound
3788,panic
3789,university
3790,traced
3791,betty
3792,truth
3793,crossing
3794,accompanied
3795,traces
3796,lively
3797,subset
3798,unrecorded
3799,studios
3800,conflict.
3801,doing
3802,freedom.
3803,hong
3804,related
3805,society
3806,anarcho-capitalism
3807,supplant
3808,soundtracks.
3809,measure
3810,our
3811,80
3812,differ
3813,sexual
3814,special
3815,out
3816,illegitimate
3817,matt
3818,vcd
3819,fundamentally
3820,goddess
3821,entertainment
3822,activism
3823,cyréaniques
3824,wholly
3825,fascist
3826,time.
3827,activist
3828,"japan""."
3829,mangaha
3830,depreciating
3831,electronics
3832,cause
3833,integrated
3834,announced
3835,one's
3836,arrested
3837,classification
3838,wallpaper
3839,undated
3840,est.)
3841,society.
3842,delegates
3843,release
3844,anime-influenced
3845,york
3846,"history."""
3847,regulatory
3848,1790s
3849,"20,000"
3850,non-hierarchical
3851,insisted
3852,defining
3853,dismantled
3854,allies
3855,islamic
3856,dubbed
3857,automatic
3858,could
3859,childless
3860,mac
3861,himself
3862,times
3863,length
3864,allied
3865,confrontations
3866,ltd
3867,proletariat
3868,distinguish
3869,vegetables
3870,south
3871,isbn
3872,suffix
3873,endowments
3874,third
3875,"2,000"
3876,powerful
3877,true.
3878,economy.
3879,jesus
3880,exact
3881,1897–1904
3882,neill
3883,puppet
3884,spots
3885,proposing
3886,ties
3887,aztelekom
3888,quality
3889,interest.
3890,city.
3891,management
3892,publication
3893,festival
3894,unknown
3895,achieved
3896,system
3897,adopted
3898,realistically
3899,priority
3900,their
3901,1500
3902,intermediate
3903,solidarity
3904,programmable
3905,struggle-approach.
3906,branches
3907,final
3908,revolutionaries
3909,circulate
3910,back
3911,destination.
3912,shell
3913,baku.
3914,shorts
3915,academy
3916,completed
3917,amsterdam
3918,harassment
3919,environmental
3920,regards
3921,cultural-critical
3922,manifestation
3923,dispute).
3924,july
3925,subgenre
3926,elite
3927,haven
3928,gradual
3929,sectors
3930,berkman
3931,distinguishes
3932,submitted
3933,tortured
3934,$2.74
3935,compensation
3936,individual
3937,popularised
3938,identical
3939,"1,774 kilometers"
3940,providing
3941,distinguished
3942,creditors
3943,anthropologist
3944,hairstyle
3945,panning
3946,clip
3947,julian
3948,tolstoy's
3949,robot
3950,response.
3951,manganese
3952,have
3953,close
3954,need
3955,filmmakers
3956,agronomy
3957,demonstration
3958,clearly
3959,viewed
3960,catholic
3961,depict
3962,angle
3963,università
3964,1%.
3965,scone
3966,pursued
3967,figureheads
3968,able
3969,1.3%
3970,mechanism
3971,poch
3972,situationist
3973,instance
3974,concerns
3975,best
3976,which
3977,so
3978,subject
3979,=
3980,rediscovered
3981,worldwide
3982,thinkers
3983,sagra
3984,who
3985,dubs
3986,procure
3987,harmful
3988,intentions
3989,eight
3990,overlapping
3991,brother-in-law
3992,device
3993,draws
3994,lobby
3995,class
3996,volume
3997,turing's
3998,beets
3999,1094.
4000,mangaka
4001,neighboring
4002,enthusiastic
4003,once-off
4004,c.n.t
4005,tbilisi
4006,pipe
4007,capita
4008,ladhmann
4009,mid-1980s
4010,mechanical
4011,constrain
4012,normally
4013,fact
4014,goals
4015,son
4016,affair
4017,atmosphere
4018,selection
4019,75%
4020,text
4021,agreed
4022,supported
4023,centralized
4024,bring
4025,manchester
4026,democrats
4027,argues
4028,"globally."""
4029,asylum
4030,trivial
4031,debate
4032,decade
4033,staff
4034,unanimously
4035,based
4036,knowledge
4037,syndicalist
4038,noteworthy
4039,credited
4040,fans
4041,operational
4042,syndicalism
4043,bombings
4044,self-managed
4045,gustav
4046,alasdair
4047,marriage
4048,communist
4049,local
4050,achieve
4051,exchanged
4052,$760
4053,insight
4054,296 billion
4055,batchelder
4056,means
4057,background
4058,regimes.
4059,joint
4060,burglars
4061,ones
4062,deniz
4063,hagiographer
4064,aforementioned
4065,$160
4066,tactics
4067,years
4068,kazakhstan
4069,areas
4070,produced
4071,evolution
4072,fédération
4073,committees
4074,conclusion
4075,molybdenum
4076,denmark
4077,experiments
4078,manats
4079,she
4080,wish
4081,mercedes
4082,fixed
4083,stalinists
4084,generations
4085,view
4086,cinematically
4087,europe
4088,official
4089,btr
4090,national
4091,humans
4092,technique.
4093,yawning
4094,westerners
4095,1872–1890
4096,computer
4097,winstanley
4098,btc
4099,converting
4100,operated
4101,azerbaijan’s
4102,closer
4103,wire
4104,televised
4105,imposition
4106,reform
4107,nuclear
4108,ralph
4109,tend
4110,blocs
4111,state
4112,converted
4113,crude
4114,progress
4115,operations.
4116,reliability
4117,generations.
4118,1890s
4119,subversive
4120,comparable
4121,ability
4122,spares
4123,opening
4124,importance
4125,joy
4126,ignorance
4127,strides
4128,key
4129,disproportionately
4130,ames
4131,amer
4132,problem
4133,"before,<br>the"
4134,interpretations
4135,politically
4136,drum
4137,1642
4138,freely
4139,taking
4140,1880s
4141,equal
4142,attributed
4143,anti-clerical
4144,hirschfeld
4145,"1,565.88"
4146,swim's
4147,sexes
4148,tactical
4149,precedent.
4150,1921.
4151,self-assertion
4152,perfect
4153,censorship
4154,anti-capitalist
4155,malcolm
4156,disarmament
4157,cf
4158,graeber
4159,walt
4160,shurkin
4161,johann
4162,congresses
4163,sequences
4164,coercive
4165,respect
4166,chromium
4167,regenerative
4168,anti-capitalism
4169,enragés
4170,proudhon's
4171,8.5
4172,nehir
4173,addition
4174,wills
4175,free-thought
4176,outlaws
4177,liberals
4178,permanent
4179,slowly
4180,agreements
4181,councilist
4182,poet
4183,compatibility
4184,wto
4185,oxymoronic
4186,killed
4187,define
4188,arises
4189,bolsheviks
4190,historian
4191,rioting
4192,sufficient
4193,prospects
4194,teviot
4195,finished
4196,environment.
4197,derivative
4198,an
4199,expounded
4200,present
4201,journals
4202,novel
4203,laser
4204,abandoned
4205,unlike
4206,marches
4207,nagorno-karabakh
4208,self-realisation
4209,value
4210,promotes
4211,will
4212,volin
4213,anarcha-feminism
4214,broadly
4215,sebastien
4216,promoted
4217,balance
4218,mühsam
4219,2007
4220,wyntoun
4221,manually
4222,almost
4223,popularly
4224,diversification
4225,coating
4226,workplaces
4227,mostly
4228,helped
4229,examined
4230,audiences
4231,edgar
4232,dual
4233,politics
4234,claimed
4235,petrograd
4236,280-299
4237,subtitling
4238,perhaps
4239,dielo
4240,began
4241,administration
4242,cross
4243,camp
4244,member
4245,parts
4246,stages.
4247,largest
4248,units
4249,outbreak
4250,terrorism
4251,popularized
4252,difficult
4253,conflicting
4254,experimented
4255,practice
4256,novels
4257,conceived
4258,production-sharing
4259,effect
4260,armaments
4261,paving
4262,student
4263,fierce
4264,nation
4265,scholars
4266,identity
4267,destruction
4268,numbered
4269,expense
4270,center
4271,fully
4272,i
4273,disappears
4274,glare.
4275,well
4276,obscure
4277,thought
4278,rígmonaid
4279,command
4280,parma
4281,english
4282,undertaken
4283,creators
4284,soviet
4285,drawing
4286,rocker
4287,brandenburg
4288,less
4289,increasingly
4290,percent
4291,Ōban
4292,domestic
4293,presumably
4294,sources
4295,stored
4296,books
4297,fishing
4298,exemplary
4299,paul
4300,graduate
4301,bakunin's
4302,2000.
4303,rapid
4304,katsudō
4305,work.
4306,field
4307,reformer
4308,headed
4309,demographic
4310,deposits
4311,additions/subtractions
4312,ramón
4313,gainax
4314,add
4315,other
4316,extends
4317,attractive
4318,christ
4319,usage
4320,280
4321,successor
4322,villagers
4323,ought
4324,characteristically
4325,resolved
4326,increased
4327,myth
4328,government
4329,crushed
4330,republics
4331,fuji
4332,malatesta
4333,five
4334,whatever
4335,facial
4336,mathematics
4337,skiing.
4338,prominent
4339,insert
4340,phenomena
4341,necessary
4342,like
4343,success
4344,benoît
4345,vibrant
4346,efficiency
4347,dictionaries
4348,medievalism
4349,sized
4350,subdivided
4351,james
4352,become
4353,repressed
4354,works
4355,blackshirts
4356,inexperienced
4357,italian
4358,parity
4359,because
4360,classical
4361,church
4362,reclamation
4363,thief
4364,authority
4365,hair
4366,growth
4367,export
4368,naturists
4369,11-tube
4370,kinds
4371,peter
4372,employment
4373,transport
4374,confederación
4375,indefinite
4376,focused
4377,turkmenistan
4378,nudists
4379,gascón
4380,broad
4381,avoid
4382,japanese-style
4383,gasification
4384,philosopher
4385,does
4386,donnchad
4387,economical
4388,bosses
4389,warned
4390,leader
4391,demonstrated
4392,documented
4393,obey
4394,individualist
4395,reaching
4396,journal
4397,monetary
4398,propriété
4399,anime's
4400,murdered
4401,distinctive
4402,inherently
4403,although
4404,fused
4405,leopold
4406,teviotdale
4407,panel
4408,gained
4409,about
4410,favoured
4411,blanquists
4412,carried
4413,acts.
4414,sánchez
4415,column
4416,freedom
4417,gundam
4418,ecological
4419,surge
4420,compatible
4421,holdings
4422,70.5%
4423,anarcho-primitivism
4424,commune.
4425,unfeasible
4426,introduced
4427,commonwealth
4428,equally
4429,own
4430,previously
4431,satire
4432,uncertain
4433,emotive
4434,post-modernism
4435,tiny
4436,female
4437,artists
4438,roads
4439,king's
4440,milieu
4441,0-631-17944-5
4442,1987
4443,additional
4444,adolescent
4445,transfer
4446,housing
4447,problem.)
4448,caviar
4449,perceive
4450,imperial
4451,spread
4452,utopian
4453,biggest
4454,dynamite
4455,function
4456,north
4457,interest
4458,funds
4459,brand
4460,but
4461,astro
4462,privilege
4463,repeated
4464,construction
4465,gain
4466,extra-budgetary
4467,counterparts
4468,highest
4469,basin
4470,he
4471,made
4472,compute
4473,Étienne
4474,whether
4475,coeurderoy
4476,j
4477,signed
4478,mid-20th
4479,manifesto
4480,limit
4481,ruling
4482,eyes.
4483,distribution
4484,walter
4485,makhno
4486,thorn
4487,qapik
4488,advantages
4489,foster
4490,south-north
4491,recognize
4492,yasuji
4493,denote
4494,replica
4495,websites
4496,70%
4497,in-between
4498,subtropical
4499,education
4500,campus
4501,domnall
4502,functions
4503,compared
4504,improving
4505,variety
4506,boop
4507,47
4508,japanese-disseminated
4509,claiming
4510,illinois
4511,oav
4512,onwards
4513,boom
4514,branch
4515,communards
4516,pupil
4517,francisco
4518,liberal
4519,genres.
4520,living
4521,fluxing
4522,setting
4523,june
4524,pseudo-libertarianism
4525,variation
4526,margaret
4527,mormaer
4528,thoreau
4529,death.
4530,inspiration
4531,ghost
4532,–
4533,prevalent
4534,bulwark
4535,transports
4536,earthquake
4537,rule
4538,indirectly
4539,portion
4540,compete
4541,situations
4542,ideological
4543,rural
4544,defend
4545,representative
